id,member_id,transaction_date,transaction_type,amount,pledge_purpose,faith_promise_year,notes,description,created_at,updated_at,deleted_at,recorded_by
0116acb7-7801-48a4-8de3-a55ef2946c68,b18ba356-3472-4903-ab17-4f430d35bd01,2026-01-04,tithe,503.00,,,Migrated from old system,,2026-02-20 12:44:43.322201+00,2026-02-20 12:44:43.322201+00,,
01c9643f-7c58-4deb-a986-29363fb69cc3,446860cd-872b-4da8-a838-1e79a27303d2,2026-02-22,faith_promise,300.00,,,,,2026-02-24 10:51:07.277+00,2026-02-24 10:51:07.516949+00,,
02484e75-216d-455f-9400-e2aa7d3e64fb,975dc527-2731-4e33-8708-8f2bbd19e0fa,2026-01-18,tithe,638.00,,,Migrated from old system,,2026-02-20 12:44:43.322201+00,2026-02-20 12:44:43.322201+00,,
02c354b6-a6e1-4280-a793-340929a339f3,6125dfcf-c12f-4888-a095-2dbeda289736,2026-01-18,tithe,513.90,,,Migrated from old system,,2026-02-20 12:44:43.322201+00,2026-02-20 12:44:43.322201+00,,
0510a9fc-5041-4feb-83e4-68480cb2cbab,cc991436-8dbb-4193-bb3a-122eb999b246,2026-02-22,faith_promise,15.00,,,,,2026-02-24 10:52:58.545+00,2026-02-24 10:52:58.777797+00,,
06668ad4-7e0b-4df6-a6ff-b395ddf290e0,679f970e-f90e-401f-ab93-610a47edd05a,2026-01-04,faith_promise,15.00,,,Migrated from old system,,2026-02-20 12:44:43.322201+00,2026-02-20 12:44:43.322201+00,,
0692aabf-496e-41ee-8a89-e028e93366bc,99ee0477-a9b7-4b28-bcbe-754c7784bdce,2026-02-15,tithe,500.00,,,,,2026-02-24 10:45:32.173+00,2026-02-24 10:45:32.419677+00,,
0705f33f-ab06-4071-a5ed-22a62eb52ce7,1b517c02-f84c-4f7a-9549-c05fd3a908f4,2026-01-04,faith_promise,120.00,,,Migrated from old system,,2026-02-20 12:44:43.322201+00,2026-02-20 12:44:43.322201+00,,
0a78f50d-0b18-4cd9-a148-9849ea04a940,afd1316f-5bb4-4c98-b52e-6cff047e89f8,2026-01-04,faith_promise,1000.00,Good News Classes,,Migrated from old system,,2026-02-20 12:44:43.322201+00,2026-02-20 12:44:43.322201+00,,
0bfd3dec-e95d-4cd2-9285-0fbebf741090,613772ff-031e-4a1e-b252-4b04b5286a55,2026-01-25,tithe,50.00,,,Migrated from old system,,2026-02-20 12:44:43.322201+00,2026-02-20 12:44:43.322201+00,,
0cde9881-06be-4757-9239-5e644c6b1bb8,b6caab6a-8e6b-4519-8493-445b0cd54ded,2026-01-18,tithe,492.00,,,Migrated from old system,,2026-02-20 12:44:43.322201+00,2026-02-20 12:44:43.322201+00,,
0dd35be0-211a-49e7-bf9f-d053e70ee2e9,30f2c823-7345-4565-bfb6-ab6a2b17c0bc,2026-02-22,faith_promise,20.00,,,,,2026-02-24 10:49:40.191+00,2026-02-24 10:49:40.431683+00,,
0e07b6c9-d9b8-46d4-beed-6b4fd8865c36,7ba89542-e3bd-4704-bdbe-699973e1390b,2026-02-22,faith_promise,1400.00,,,,,2026-02-24 10:56:38.376+00,2026-02-24 10:56:38.768915+00,,
0efa96c9-e3d7-4e05-a9ed-b44a2d1a1a64,1b517c02-f84c-4f7a-9549-c05fd3a908f4,2026-02-01,tithe,150.00,,,Migrated from old system,,2026-02-20 12:44:43.322201+00,2026-02-20 12:44:43.322201+00,,
10a15dfe-edda-4f7a-9ba1-c5d234166209,bc7887ad-5318-4c5c-88a0-5607e25306a9,2026-01-04,tithe,3880.78,,,Migrated from old system,,2026-02-20 12:44:43.322201+00,2026-02-20 12:44:43.322201+00,,
132b3ceb-348d-4868-83e5-17e11e38bf83,1b517c02-f84c-4f7a-9549-c05fd3a908f4,2026-02-08,faith_promise,150.00,,,Migrated from old system,,2026-02-20 12:44:43.322201+00,2026-02-20 12:44:43.322201+00,,
13599a39-e16f-4f2d-b356-055cc9d3422a,07ff5f58-e58c-473c-9b2e-a0443f616f4d,2026-02-01,faith_promise,180.00,,,Migrated from old system,,2026-02-20 12:44:43.322201+00,2026-02-20 12:44:43.322201+00,,
1446de24-b795-46f9-81b3-418fa48d6a54,07ff5f58-e58c-473c-9b2e-a0443f616f4d,2026-01-11,tithe,200.00,,,Migrated from old system,,2026-02-20 12:44:43.322201+00,2026-02-20 12:44:43.322201+00,,
15c00748-3cc9-4cb4-afc8-06a6dbd3a860,cc991436-8dbb-4193-bb3a-122eb999b246,2026-01-18,faith_promise,15.00,,,Migrated from old system,,2026-02-20 12:44:43.322201+00,2026-02-20 12:44:43.322201+00,,
173d3c7d-d742-4488-bfb0-f47a0b41984c,b6caab6a-8e6b-4519-8493-445b0cd54ded,2026-02-01,tithe,495.00,,,Migrated from old system,,2026-02-20 12:44:43.322201+00,2026-02-20 12:44:43.322201+00,,
1921734d-5009-44b6-b2e3-a1e0a62bce48,fd5557c3-2b36-4979-a076-76eb8a9130e1,2026-02-08,faith_promise,100.00,,,Migrated from old system,,2026-02-20 12:44:43.322201+00,2026-02-20 12:44:43.322201+00,,
194770f3-2868-42ac-884d-b97255c9d276,30f2c823-7345-4565-bfb6-ab6a2b17c0bc,2026-01-25,tithe,55.00,,,Migrated from old system,,2026-02-20 12:44:43.322201+00,2026-02-20 12:44:43.322201+00,,
19ab0114-e03e-4457-adb4-ee2d64e646bd,bc7887ad-5318-4c5c-88a0-5607e25306a9,2026-01-25,tithe,60.80,,,Migrated from old system,,2026-02-20 12:44:43.322201+00,2026-02-20 12:44:43.322201+00,,
1a468c6d-d876-4e59-a98e-ce970e08558d,30f2c823-7345-4565-bfb6-ab6a2b17c0bc,2026-01-04,faith_promise,20.00,,,Migrated from old system,,2026-02-20 12:44:43.322201+00,2026-02-20 12:44:43.322201+00,,
1a95e959-88b7-438c-b390-7f02ac2647c5,c360fe8b-e4bf-40e0-ad9b-d5987c32d385,2026-01-04,faith_promise,50.00,,,Migrated from old system,,2026-02-20 12:44:43.322201+00,2026-02-20 12:44:43.322201+00,,
1add868c-2844-44ee-9a1a-77ef77d34dd7,abca775b-2863-4a70-bb68-e092de3b0459,2026-02-08,faith_promise,350.00,,,Migrated from old system,,2026-02-20 12:44:43.322201+00,2026-02-20 12:44:43.322201+00,,
1d8279bf-5472-4b07-87f4-17314858c396,1b517c02-f84c-4f7a-9549-c05fd3a908f4,2026-01-11,faith_promise,120.00,,,Migrated from old system,,2026-02-20 12:44:43.322201+00,2026-02-20 12:44:43.322201+00,,
1e23569f-9481-4a70-a64e-28a9e6bb5086,30f2c823-7345-4565-bfb6-ab6a2b17c0bc,2026-02-15,faith_promise,20.00,,,,,2026-02-24 10:45:08.852+00,2026-02-24 10:45:09.11156+00,,
1e23b98e-2b24-4b67-9194-513a600a2cd8,446860cd-872b-4da8-a838-1e79a27303d2,2026-02-08,faith_promise,300.00,,,Migrated from old system,,2026-02-20 12:44:43.322201+00,2026-02-20 12:44:43.322201+00,,
1f3ae812-b0d4-4d6b-a4b2-af9c266dfba0,da991148-4066-4fc0-88d3-7f9530b8acac,2026-02-15,tithe,140.00,,,,,2026-02-24 10:46:47.348+00,2026-02-24 10:46:47.660418+00,,
1f9c10b8-c1de-4be3-8784-05f5ec3438c2,679f970e-f90e-401f-ab93-610a47edd05a,2026-01-25,tithe,58.00,,,Migrated from old system,,2026-02-20 12:44:43.322201+00,2026-02-20 12:44:43.322201+00,,
202973d9-530b-46a3-bf10-1a08826d5f90,4ebba06b-eb4d-42f2-9c43-7c00e6c86f09,2026-02-15,tithe,25.00,,,,,2026-02-24 10:40:56.935+00,2026-02-24 10:40:57.177807+00,,
20e47491-5cbf-47e7-bc4a-ad8721728d13,07ff5f58-e58c-473c-9b2e-a0443f616f4d,2026-02-01,tithe,100.00,,,Migrated from old system,,2026-02-20 12:44:43.322201+00,2026-02-20 12:44:43.322201+00,,
2132c23d-8ece-465d-b4cd-723a92633f67,4ebba06b-eb4d-42f2-9c43-7c00e6c86f09,2026-01-18,tithe,27.00,,,Migrated from old system,,2026-02-20 12:44:43.322201+00,2026-02-20 12:44:43.322201+00,,
214641d3-6cdf-48dd-a57e-27bf215bbc85,5de9b976-e6b8-4eef-ab61-b7d3174a1954,2026-01-18,faith_promise,360.00,,,Migrated from old system,,2026-02-20 12:44:43.322201+00,2026-02-20 12:44:43.322201+00,,
218d0961-6c58-4a66-982f-b2b5487a2b13,1b517c02-f84c-4f7a-9549-c05fd3a908f4,2026-01-18,faith_promise,150.00,,,Migrated from old system,,2026-02-20 12:44:43.322201+00,2026-02-20 12:44:43.322201+00,,
257ee381-6593-48a2-895c-25cc4be04028,30f2c823-7345-4565-bfb6-ab6a2b17c0bc,2026-02-22,tithe,60.00,,,,,2026-02-24 10:49:40.191+00,2026-02-24 10:49:40.431683+00,,
27992927-09e0-4b05-84c1-69864f42a05f,613772ff-031e-4a1e-b252-4b04b5286a55,2026-02-15,faith_promise,25.00,,,,,2026-02-24 10:45:56.204+00,2026-02-24 10:45:56.437118+00,,
27b0dfab-3b47-40ec-857e-1e3f53c133dd,99123d5b-9d62-4729-b90a-0f918aa6002f,2026-01-25,faith_promise,1600.00,,,Migrated from old system,,2026-02-20 12:44:43.322201+00,2026-02-20 12:44:43.322201+00,,
281f23f2-b16e-41ac-9352-e5cec634457b,c10fa4ef-da03-4be4-8370-ed5e02a7bfa6,2026-01-04,love_gift,20.00,,,Migrated from old system,,2026-02-20 12:44:43.322201+00,2026-02-20 12:44:43.322201+00,,
29b12bdf-b2b7-4bff-96dc-49c326d3d76d,c10fa4ef-da03-4be4-8370-ed5e02a7bfa6,2026-02-15,love_gift,60.00,,,,,2026-02-24 10:39:42.556+00,2026-02-24 10:39:42.868481+00,,
2a238ba2-1499-4e9a-89bb-746011378941,fd5557c3-2b36-4979-a076-76eb8a9130e1,2026-02-01,faith_promise,10.00,,,Migrated from old system,,2026-02-20 12:44:43.322201+00,2026-02-20 12:44:43.322201+00,,
2a4e7c3a-fd2d-4c2d-a83c-0d71fc038c78,47a92b6c-ed98-4f0e-80ac-4db2c06f0a84,2026-01-25,tithe,55.00,,,Migrated from old system,,2026-02-20 12:44:43.322201+00,2026-02-20 12:44:43.322201+00,,
2aa4273b-573d-4879-bf50-1fa992ed1e53,4ebba06b-eb4d-42f2-9c43-7c00e6c86f09,2026-01-25,tithe,30.00,,,Migrated from old system,,2026-02-20 12:44:43.322201+00,2026-02-20 12:44:43.322201+00,,
2b4cc968-3100-4ddf-a3bf-c3c9e47d3289,446860cd-872b-4da8-a838-1e79a27303d2,2026-01-18,faith_promise,300.00,,,Migrated from old system,,2026-02-20 12:44:43.322201+00,2026-02-20 12:44:43.322201+00,,
2c42a9a2-594e-49cf-b1f8-9ea015a3c898,c360fe8b-e4bf-40e0-ad9b-d5987c32d385,2026-01-25,tithe,75.00,,,Migrated from old system,,2026-02-20 12:44:43.322201+00,2026-02-20 12:44:43.322201+00,,
2c832218-2f1c-42e0-8d55-044e9e17aba7,afd1316f-5bb4-4c98-b52e-6cff047e89f8,2026-01-04,pledge,1000.00,Good News Classes,,Migrated from old system,,2026-02-20 12:44:43.322201+00,2026-02-20 12:44:43.322201+00,,
2e22bfd8-9000-4388-82ae-e86e9671f2fe,c360fe8b-e4bf-40e0-ad9b-d5987c32d385,2026-02-01,tithe,80.00,,,Migrated from old system,,2026-02-20 12:44:43.322201+00,2026-02-20 12:44:43.322201+00,,
2f54f2df-a36f-4825-abfe-783536fbb0d5,679f970e-f90e-401f-ab93-610a47edd05a,2026-01-18,faith_promise,15.00,,,Migrated from old system,,2026-02-20 12:44:43.322201+00,2026-02-20 12:44:43.322201+00,,
2f76d363-4b24-4675-9dff-c961ec455506,30f2c823-7345-4565-bfb6-ab6a2b17c0bc,2026-01-25,faith_promise,20.00,,,Migrated from old system,,2026-02-20 12:44:43.322201+00,2026-02-20 12:44:43.322201+00,,
2f7929cb-8e6d-4ca0-862a-c38485ff3aaf,99123d5b-9d62-4729-b90a-0f918aa6002f,2026-01-18,tithe,22.00,,,Migrated from old system,,2026-02-20 12:44:43.322201+00,2026-02-20 12:44:43.322201+00,,
2fc556d9-6fde-4820-a0f5-afde5f9ab84b,7ba89542-e3bd-4704-bdbe-699973e1390b,2026-01-11,love_gift,150.61,Altar Flowers,,Migrated from old system,,2026-02-20 12:44:43.322201+00,2026-02-20 12:44:43.322201+00,,
307ec5f6-6b1a-4a63-adac-85e13a1aeb2d,afd1316f-5bb4-4c98-b52e-6cff047e89f8,2026-02-15,tithe,14415.78,,,,,2026-02-24 10:48:11.565+00,2026-02-24 10:48:12.385407+00,,
30d98f2d-edc4-489f-bea2-ef0bd372ba86,cc991436-8dbb-4193-bb3a-122eb999b246,2026-01-11,tithe,50.00,,,Migrated from old system,,2026-02-20 12:44:43.322201+00,2026-02-20 12:44:43.322201+00,,
31f81ca8-c7d4-48a6-9901-1a869d3ab137,21efe003-bbef-4213-9fbc-82c87cad4438,2026-02-01,tithe,100.00,,,Migrated from old system,,2026-02-20 12:44:43.322201+00,2026-02-20 12:44:43.322201+00,,
3234a2a9-a505-4f2e-b69b-5c948ca6d0bf,39fed438-3910-40f8-bae8-7d51d79becf6,2026-01-11,faith_promise,500.00,,,Migrated from old system,,2026-02-20 12:44:43.322201+00,2026-02-20 12:44:43.322201+00,,
33c2668a-7f66-4df0-b109-bf116ea659a4,99123d5b-9d62-4729-b90a-0f918aa6002f,2026-01-04,tithe,11.00,,,Migrated from old system,,2026-02-20 12:44:43.322201+00,2026-02-20 12:44:43.322201+00,,
3437b57f-1fbf-4145-a5f8-5eebd89eff4e,fd5557c3-2b36-4979-a076-76eb8a9130e1,2026-01-18,faith_promise,10.00,,,Migrated from old system,,2026-02-20 12:44:43.322201+00,2026-02-20 12:44:43.322201+00,,
34936843-8ff3-43ee-b75b-7d0b29e1a6a7,7ba89542-e3bd-4704-bdbe-699973e1390b,2026-01-18,love_gift,193.35,,,Migrated from old system,,2026-02-20 12:44:43.322201+00,2026-02-20 12:44:43.322201+00,,
35349574-3318-466f-8bbb-ceca4985b57c,49a2ba69-e826-4860-8553-692861826304,2026-02-22,faith_promise,2273.60,,,,,2026-02-24 10:57:08.6+00,2026-02-24 10:57:08.852911+00,,
363178a9-7503-4b56-9905-ee8d638a2f24,99123d5b-9d62-4729-b90a-0f918aa6002f,2026-01-25,tithe,32.00,,,Migrated from old system,,2026-02-20 12:44:43.322201+00,2026-02-20 12:44:43.322201+00,,
382c786b-487b-46dd-94fb-c6fc9d91c60e,446860cd-872b-4da8-a838-1e79a27303d2,2026-01-04,tithe,313.10,,,Migrated from old system,,2026-02-20 12:44:43.322201+00,2026-02-20 12:44:43.322201+00,,
388c9591-7d1c-4dd9-b551-ab07647d5d19,1b517c02-f84c-4f7a-9549-c05fd3a908f4,2026-01-11,tithe,130.00,,,Migrated from old system,,2026-02-20 12:44:43.322201+00,2026-02-20 12:44:43.322201+00,,
38ac1dc8-8c8b-47f3-95d6-75679a10e95d,975dc527-2731-4e33-8708-8f2bbd19e0fa,2026-02-22,faith_promise,280.00,,,,,2026-02-24 10:55:59.209+00,2026-02-24 10:55:59.496896+00,,
392a8803-232e-42d1-8d8f-307188d0cca3,cc991436-8dbb-4193-bb3a-122eb999b246,2026-02-08,faith_promise,15.00,,,Migrated from old system,,2026-02-20 12:44:43.322201+00,2026-02-20 12:44:43.322201+00,,
393136bf-bc97-4b4f-a6d6-c49474bdcd99,bc7887ad-5318-4c5c-88a0-5607e25306a9,2026-02-22,tithe,157.00,,,,,2026-02-24 10:49:26.903+00,2026-02-24 10:49:27.140602+00,,
3a38f435-c995-4c74-b4f7-c438e6fa74da,0425bc93-6147-4b4d-9be4-22308f08a0ab,2026-01-25,faith_promise,5.00,,,Migrated from old system,,2026-02-20 12:44:43.322201+00,2026-02-20 12:44:43.322201+00,,
3a643818-06f5-4897-a7f1-baa35e6c4860,fd5557c3-2b36-4979-a076-76eb8a9130e1,2026-01-18,tithe,24.00,,,Migrated from old system,,2026-02-20 12:44:43.322201+00,2026-02-20 12:44:43.322201+00,,
3bc55425-a5e1-477d-bc18-3d991e278941,613772ff-031e-4a1e-b252-4b04b5286a55,2026-01-11,faith_promise,25.00,,,Migrated from old system,,2026-02-20 12:44:43.322201+00,2026-02-20 12:44:43.322201+00,,
3d25ad03-974e-491b-93d1-a3f9d62b15cc,613772ff-031e-4a1e-b252-4b04b5286a55,2026-01-11,tithe,75.00,,,Migrated from old system,,2026-02-20 12:44:43.322201+00,2026-02-20 12:44:43.322201+00,,
3d95bc2d-8330-4ff1-a7e6-c1113df8ddae,a4a93bce-25ea-4540-a0d1-ad011f2ddb34,2026-02-01,tithe,5.00,,,Migrated from old system,,2026-02-20 12:44:43.322201+00,2026-02-20 12:44:43.322201+00,,
3d9c1ec4-6ded-4963-a2a8-6b2698ce301d,c360fe8b-e4bf-40e0-ad9b-d5987c32d385,2026-01-18,faith_promise,52.00,,,Migrated from old system,,2026-02-20 12:44:43.322201+00,2026-02-20 12:44:43.322201+00,,
414b075f-55be-4137-9b5e-d986e5b4e135,679f970e-f90e-401f-ab93-610a47edd05a,2026-01-18,tithe,85.00,,,Migrated from old system,,2026-02-20 12:44:43.322201+00,2026-02-20 12:44:43.322201+00,,
419b356e-4e83-4079-af07-839329080a64,07ff5f58-e58c-473c-9b2e-a0443f616f4d,2026-01-18,tithe,250.00,,,Migrated from old system,,2026-02-20 12:44:43.322201+00,2026-02-20 12:44:43.322201+00,,
4210a248-4438-4b88-8abd-ecb416b6e4fb,446860cd-872b-4da8-a838-1e79a27303d2,2026-02-15,faith_promise,300.00,,,,,2026-02-24 10:43:14.6+00,2026-02-24 10:43:14.846017+00,,
42bfabf9-82fd-44e7-bc51-cd6f71b6a54b,5de9b976-e6b8-4eef-ab61-b7d3174a1954,2026-02-22,faith_promise,180.00,,,,,2026-02-24 10:52:44.364+00,2026-02-24 10:52:44.599957+00,,
4431ebae-7244-4dd8-a066-1e925a04429a,c360fe8b-e4bf-40e0-ad9b-d5987c32d385,2026-02-01,faith_promise,52.00,,,Migrated from old system,,2026-02-20 12:44:43.322201+00,2026-02-20 12:44:43.322201+00,,
455bf18b-3a28-4171-87d3-fd67ecf376f6,cc991436-8dbb-4193-bb3a-122eb999b246,2026-01-11,faith_promise,15.00,,,Migrated from old system,,2026-02-20 12:44:43.322201+00,2026-02-20 12:44:43.322201+00,,
472e664d-3652-416c-af9e-ec6213524795,39fed438-3910-40f8-bae8-7d51d79becf6,2026-01-11,tithe,1155.00,,,Migrated from old system,,2026-02-20 12:44:43.322201+00,2026-02-20 12:44:43.322201+00,,
47980657-6298-4afb-aabd-2df87f70fc9e,c10fa4ef-da03-4be4-8370-ed5e02a7bfa6,2026-02-01,faith_promise,400.00,,,Migrated from old system,,2026-02-20 12:44:43.322201+00,2026-02-20 12:44:43.322201+00,,
47ce462a-1942-443e-b0a4-599b733ced4a,30f2c823-7345-4565-bfb6-ab6a2b17c0bc,2026-01-11,tithe,60.00,,,Migrated from old system,,2026-02-20 12:44:43.322201+00,2026-02-20 12:44:43.322201+00,,
47ec16d5-f868-40cd-b232-342654e59393,6125dfcf-c12f-4888-a095-2dbeda289736,2026-02-15,tithe,291.40,,,,,2026-02-24 10:42:09.334+00,2026-02-24 10:42:09.567308+00,,
48d29e91-4b55-4cd0-a897-3336771c8cb8,abca775b-2863-4a70-bb68-e092de3b0459,2026-02-08,tithe,400.00,,,Migrated from old system,,2026-02-20 12:44:43.322201+00,2026-02-20 12:44:43.322201+00,,
4987886a-3c9f-4712-9fa1-fb473a8ea260,c10fa4ef-da03-4be4-8370-ed5e02a7bfa6,2026-01-18,faith_promise,400.00,,,Migrated from old system,,2026-02-20 12:44:43.322201+00,2026-02-20 12:44:43.322201+00,,
49b55595-44d8-4734-9bbf-28b67e084466,1b517c02-f84c-4f7a-9549-c05fd3a908f4,2026-02-15,tithe,50.00,,,,,2026-02-24 10:44:21.43+00,2026-02-24 10:44:21.710832+00,,
4b4a9df0-c0a2-4226-bfbc-ae018e185ef6,79da7005-f6bc-4244-b9b6-f1b608de548e,2026-02-22,tithe,1084.62,,,,,2026-02-24 10:50:05.568+00,2026-02-24 10:50:05.823956+00,,
4b805d30-86be-42d2-bfc7-a0161d35c6c6,99ee0477-a9b7-4b28-bcbe-754c7784bdce,2026-02-22,tithe,100.00,,,,,2026-02-24 10:57:31.331+00,2026-02-24 10:57:31.571415+00,,
4d2ca395-20d9-4a14-8f97-652f597e8436,6125dfcf-c12f-4888-a095-2dbeda289736,2026-01-18,faith_promise,150.00,,,Migrated from old system,,2026-02-20 12:44:43.322201+00,2026-02-20 12:44:43.322201+00,,
4ef9491c-e61b-482d-9ee6-2fa6e74a85dc,4ebba06b-eb4d-42f2-9c43-7c00e6c86f09,2026-02-01,tithe,35.00,,,Migrated from old system,,2026-02-20 12:44:43.322201+00,2026-02-20 12:44:43.322201+00,,
4fdbf553-6839-40a1-b1f5-26bf0d5adeac,b18ba356-3472-4903-ab17-4f430d35bd01,2026-02-15,tithe,682.50,,,,,2026-02-24 10:43:51.753+00,2026-02-24 10:43:51.994192+00,,
50065d8d-395a-4d21-af7a-66ae8998dc42,4ebba06b-eb4d-42f2-9c43-7c00e6c86f09,2026-01-04,tithe,50.00,,,Migrated from old system,,2026-02-20 12:44:43.322201+00,2026-02-20 12:44:43.322201+00,,
5027c972-db6e-4d47-86de-fb16e911bd75,6125dfcf-c12f-4888-a095-2dbeda289736,2026-02-01,faith_promise,150.00,,,Migrated from old system,,2026-02-20 12:44:43.322201+00,2026-02-20 12:44:43.322201+00,,
506c4ac0-c590-45ee-bd3b-a9a0b99eed55,07ff5f58-e58c-473c-9b2e-a0443f616f4d,2026-01-25,tithe,170.00,,,Migrated from old system,,2026-02-20 12:44:43.322201+00,2026-02-20 12:44:43.322201+00,,
50775629-92bb-499d-872f-57e0cb33a90a,39fed438-3910-40f8-bae8-7d51d79becf6,2026-02-01,faith_promise,400.00,,,Migrated from old system,,2026-02-20 12:44:43.322201+00,2026-02-20 12:44:43.322201+00,,
510b3570-77fb-4481-ab83-957d828106e5,c10fa4ef-da03-4be4-8370-ed5e02a7bfa6,2026-02-01,tithe,800.00,,,Migrated from old system,,2026-02-20 12:44:43.322201+00,2026-02-20 12:44:43.322201+00,,
54524680-fe9d-47bf-ac35-4cd5372129da,7ba89542-e3bd-4704-bdbe-699973e1390b,2026-02-22,pledge,500.00,Flower Fund,,,,2026-02-24 10:56:38.376+00,2026-02-24 10:56:38.768915+00,,
5455949f-4091-4a82-a857-97980a8a02db,459cc6fb-5674-4061-867c-c60a96baceb6,2026-01-25,faith_promise,20.00,,,Migrated from old system,,2026-02-20 12:44:43.322201+00,2026-02-20 12:44:43.322201+00,,
553acec9-f212-412d-a746-7286ea3fc173,7ba89542-e3bd-4704-bdbe-699973e1390b,2026-01-18,tithe,1006.65,,,Migrated from old system,,2026-02-20 12:44:43.322201+00,2026-02-20 12:44:43.322201+00,,
5610afa5-ee1f-4ddd-beeb-aa2d2505a3b1,446860cd-872b-4da8-a838-1e79a27303d2,2026-01-11,tithe,542.87,,,Migrated from old system,,2026-02-20 12:44:43.322201+00,2026-02-20 12:44:43.322201+00,,
573ef879-4078-47a6-a543-3e84c6a94526,c360fe8b-e4bf-40e0-ad9b-d5987c32d385,2026-01-25,faith_promise,52.00,,,Migrated from old system,,2026-02-20 12:44:43.322201+00,2026-02-20 12:44:43.322201+00,,
5743847b-d737-4840-a26b-2c15ddeefa2b,446860cd-872b-4da8-a838-1e79a27303d2,2026-01-25,tithe,327.93,,,Migrated from old system,,2026-02-20 12:44:43.322201+00,2026-02-20 12:44:43.322201+00,,
5764302e-b587-4a2f-bcff-6e0c0e7d2169,459cc6fb-5674-4061-867c-c60a96baceb6,2026-01-18,tithe,20.00,,,Migrated from old system,,2026-02-20 12:44:43.322201+00,2026-02-20 12:44:43.322201+00,,
577be200-1e9c-4dc7-98e7-ede24287fd86,679f970e-f90e-401f-ab93-610a47edd05a,2026-02-22,tithe,30.00,,,,,2026-02-24 10:51:33.717+00,2026-02-24 10:51:34.033256+00,,
5852a552-a2f0-4ff6-b8d4-3a0e682b11a8,79da7005-f6bc-4244-b9b6-f1b608de548e,2026-01-11,tithe,1139.95,,,Migrated from old system,,2026-02-20 12:44:43.322201+00,2026-02-20 12:44:43.322201+00,,
5944b76c-c1ea-4669-932d-35b2beb9ee8c,cc991436-8dbb-4193-bb3a-122eb999b246,2026-02-15,faith_promise,15.00,,,,,2026-02-24 10:43:30.83+00,2026-02-24 10:43:31.07866+00,,
596c0531-ba3b-4e0c-933f-8651d886332e,459cc6fb-5674-4061-867c-c60a96baceb6,2026-01-18,love_gift,60.00,,,Migrated from old system,,2026-02-20 12:44:43.322201+00,2026-02-20 12:44:43.322201+00,,
5b59d19b-0189-4bb1-a5cf-40c32248d005,30f2c823-7345-4565-bfb6-ab6a2b17c0bc,2026-02-01,tithe,50.00,,,Migrated from old system,,2026-02-20 12:44:43.322201+00,2026-02-20 12:44:43.322201+00,,
5b846428-565e-4339-bbd5-6a9e261a6e72,975dc527-2731-4e33-8708-8f2bbd19e0fa,2026-01-04,faith_promise,200.00,,,Migrated from old system,,2026-02-20 12:44:43.322201+00,2026-02-20 12:44:43.322201+00,,
5c6c08be-959b-4413-9ca7-868cf3215097,49a2ba69-e826-4860-8553-692861826304,2026-01-25,tithe,1271.82,,,Migrated from old system,,2026-02-20 12:44:43.322201+00,2026-02-20 12:44:43.322201+00,,
5cc5732f-e599-4e1a-92fa-183185b93a1c,afd1316f-5bb4-4c98-b52e-6cff047e89f8,2026-02-01,tithe,8176.48,Other,,Migrated from old system,,2026-02-20 12:44:43.322201+00,2026-02-20 12:44:43.322201+00,,
5f269361-020c-4058-bb99-6f0f50cafcd6,b18ba356-3472-4903-ab17-4f430d35bd01,2026-01-04,faith_promise,240.00,,,Migrated from old system,,2026-02-20 12:44:43.322201+00,2026-02-20 12:44:43.322201+00,,
5fa11482-7319-433b-be16-a9eb1aa4b04b,cc991436-8dbb-4193-bb3a-122eb999b246,2026-02-08,tithe,50.00,,,Migrated from old system,,2026-02-20 12:44:43.322201+00,2026-02-20 12:44:43.322201+00,,
60d7acf8-108c-44bc-b82b-41a412e47de5,30f2c823-7345-4565-bfb6-ab6a2b17c0bc,2026-01-11,faith_promise,20.00,,,Migrated from old system,,2026-02-20 12:44:43.322201+00,2026-02-20 12:44:43.322201+00,,
62a11bde-e63c-4cc0-a97f-e8fd49e37e31,1b517c02-f84c-4f7a-9549-c05fd3a908f4,2026-01-25,faith_promise,150.00,,,Migrated from old system,,2026-02-20 12:44:43.322201+00,2026-02-20 12:44:43.322201+00,,
630a9e43-e0b4-4937-8b56-bc2396e4a362,679f970e-f90e-401f-ab93-610a47edd05a,2026-02-01,tithe,40.00,,,Migrated from old system,,2026-02-20 12:44:43.322201+00,2026-02-20 12:44:43.322201+00,,
632a623d-7eae-4b9c-9334-a791789814dc,79da7005-f6bc-4244-b9b6-f1b608de548e,2026-02-22,love_gift,4.38,,,,,2026-02-24 10:50:05.568+00,2026-02-24 10:50:05.823956+00,,
63b00262-fe74-457a-92ca-1d35707ed26d,a4a93bce-25ea-4540-a0d1-ad011f2ddb34,2026-02-01,faith_promise,5.00,,,Migrated from old system,,2026-02-20 12:44:43.322201+00,2026-02-20 12:44:43.322201+00,,
64d0a915-d311-47e4-bfcd-0fec3b5b2b45,459cc6fb-5674-4061-867c-c60a96baceb6,2026-01-11,love_gift,60.00,,,Migrated from old system,,2026-02-20 12:44:43.322201+00,2026-02-20 12:44:43.322201+00,,
6568373b-b5bf-40fb-8014-ea945f213a2d,1444bd49-ecdd-4853-bfe9-0fccd515f512,2026-01-11,faith_promise,30.00,,,Migrated from old system,,2026-02-20 12:44:43.322201+00,2026-02-20 12:44:43.322201+00,,
66cf8b79-ffad-441a-ad93-a568f0a4e537,4ebba06b-eb4d-42f2-9c43-7c00e6c86f09,2026-02-01,faith_promise,50.00,,,Migrated from old system,,2026-02-20 12:44:43.322201+00,2026-02-20 12:44:43.322201+00,,
673fdcab-1de7-4e29-9694-f829509cc345,1b517c02-f84c-4f7a-9549-c05fd3a908f4,2026-02-15,faith_promise,150.00,,,,,2026-02-24 10:44:21.43+00,2026-02-24 10:44:21.710832+00,,
698d98c8-db8f-4c6c-b780-579b575b6eb6,b6caab6a-8e6b-4519-8493-445b0cd54ded,2026-02-22,tithe,345.00,,,,,2026-02-24 10:50:52.605+00,2026-02-24 10:50:52.861567+00,,
699c13a8-b112-4eef-92b0-cc3b2a08f356,679f970e-f90e-401f-ab93-610a47edd05a,2026-02-08,tithe,45.00,,,Migrated from old system,,2026-02-20 12:44:43.322201+00,2026-02-20 12:44:43.322201+00,,
69b96440-cf3a-4d49-83ca-3ecf0c1a8389,30f2c823-7345-4565-bfb6-ab6a2b17c0bc,2026-02-15,tithe,45.00,,,,,2026-02-24 10:45:08.852+00,2026-02-24 10:45:09.11156+00,,
6a80fd57-4b23-44d6-a547-652a20174723,afd1316f-5bb4-4c98-b52e-6cff047e89f8,2026-02-15,faith_promise,2000.00,,,,,2026-02-24 10:48:11.565+00,2026-02-24 10:48:12.385407+00,,
6a9e6081-a5d2-4485-b387-4206788c1e58,459cc6fb-5674-4061-867c-c60a96baceb6,2026-02-01,love_gift,60.00,,,Migrated from old system,,2026-02-20 12:44:43.322201+00,2026-02-20 12:44:43.322201+00,,
6b3a2885-8669-4e51-a27e-9d76e828df48,7ba89542-e3bd-4704-bdbe-699973e1390b,2026-02-22,tithe,1895.32,,,,,2026-02-24 10:56:38.376+00,2026-02-24 10:56:38.768915+00,,
6b4c2e7e-ee1d-4d48-956f-fb3e148fd8fd,cc991436-8dbb-4193-bb3a-122eb999b246,2026-01-04,tithe,9.00,,,Migrated from old system,,2026-02-20 12:44:43.322201+00,2026-02-20 12:44:43.322201+00,,
6b67861c-99dd-466b-960b-efc05a23053d,613772ff-031e-4a1e-b252-4b04b5286a55,2026-02-01,tithe,75.00,,,Migrated from old system,,2026-02-20 12:44:43.322201+00,2026-02-20 12:44:43.322201+00,,
6b9d7fcf-c03b-4860-898c-0917c6209aa2,6125dfcf-c12f-4888-a095-2dbeda289736,2026-02-15,faith_promise,150.00,,,,,2026-02-24 10:41:36.727+00,2026-02-24 10:41:36.977831+00,,
6c0d0d79-e1fd-4f90-99da-55dd838a6d4b,1b517c02-f84c-4f7a-9549-c05fd3a908f4,2026-02-22,tithe,50.00,,,,,2026-02-24 10:53:14.296+00,2026-02-24 10:53:14.528513+00,,
6c47b6c6-42ff-4421-8b49-be417d609e75,7ba89542-e3bd-4704-bdbe-699973e1390b,2026-01-11,tithe,1649.40,Altar Flowers,,Migrated from old system,,2026-02-20 12:44:43.322201+00,2026-02-20 12:44:43.322201+00,,
6d446138-ef18-4cd1-b7a0-7c94790f9b20,459cc6fb-5674-4061-867c-c60a96baceb6,2026-02-01,tithe,20.00,,,Migrated from old system,,2026-02-20 12:44:43.322201+00,2026-02-20 12:44:43.322201+00,,
6e777d8d-5892-41c2-89a3-1f88d9d74b71,459cc6fb-5674-4061-867c-c60a96baceb6,2026-01-25,tithe,20.00,,,Migrated from old system,,2026-02-20 12:44:43.322201+00,2026-02-20 12:44:43.322201+00,,
6ef20ba8-6dc1-4479-aeab-3092849ac052,c10fa4ef-da03-4be4-8370-ed5e02a7bfa6,2026-01-18,tithe,680.00,,,Migrated from old system,,2026-02-20 12:44:43.322201+00,2026-02-20 12:44:43.322201+00,,
6f5feb5c-9a07-41c3-87be-6724e56f9986,79da7005-f6bc-4244-b9b6-f1b608de548e,2026-01-11,love_gift,10.10,,,Migrated from old system,,2026-02-20 12:44:43.322201+00,2026-02-20 12:44:43.322201+00,,
6fabb266-6dbe-4c10-9394-4425193d69a8,6125dfcf-c12f-4888-a095-2dbeda289736,2026-02-08,faith_promise,150.00,,,Migrated from old system,,2026-02-20 12:44:43.322201+00,2026-02-20 12:44:43.322201+00,,
70029eec-779c-40af-8375-7f0f3f9e7f1a,c10fa4ef-da03-4be4-8370-ed5e02a7bfa6,2026-02-01,love_gift,50.00,,,Migrated from old system,,2026-02-20 12:44:43.322201+00,2026-02-20 12:44:43.322201+00,,
7192ebe0-a014-4040-bb66-7c3d010d276e,da991148-4066-4fc0-88d3-7f9530b8acac,2026-01-04,tithe,3.00,,,Migrated from old system,,2026-02-20 12:44:43.322201+00,2026-02-20 12:44:43.322201+00,,
729236e8-fc71-4fb4-86e5-2d3e604ee5e1,446860cd-872b-4da8-a838-1e79a27303d2,2026-02-01,tithe,324.80,,,Migrated from old system,,2026-02-20 12:44:43.322201+00,2026-02-20 12:44:43.322201+00,,
733829ed-6eb8-4843-8a27-6bfef522a4fd,1b517c02-f84c-4f7a-9549-c05fd3a908f4,2026-01-25,tithe,110.00,,,Migrated from old system,,2026-02-20 12:44:43.322201+00,2026-02-20 12:44:43.322201+00,,
739f2dd9-6995-45ad-86d7-180a36f298f1,bc7887ad-5318-4c5c-88a0-5607e25306a9,2026-01-18,faith_promise,2800.00,,,Migrated from old system,,2026-02-20 12:44:43.322201+00,2026-02-20 12:44:43.322201+00,,
73a6d3a5-4cfa-4a93-ae8a-08127908ff4c,79da7005-f6bc-4244-b9b6-f1b608de548e,2026-02-01,faith_promise,1370.00,,,Migrated from old system,,2026-02-20 12:44:43.322201+00,2026-02-20 12:44:43.322201+00,,
74b13ec4-75fa-4c18-bf87-5ed12cdfdc02,49a2ba69-e826-4860-8553-692861826304,2026-01-11,tithe,9380.60,,,Migrated from old system,,2026-02-20 12:44:43.322201+00,2026-02-20 12:44:43.322201+00,,
74fe2c74-2d0d-47ec-963f-d9f8ae677c95,613772ff-031e-4a1e-b252-4b04b5286a55,2026-01-04,faith_promise,20.00,,,Migrated from old system,,2026-02-20 12:44:43.322201+00,2026-02-20 12:44:43.322201+00,,
75a8a38d-ee4d-44e1-8d3b-8d0ec4cbfa20,afd1316f-5bb4-4c98-b52e-6cff047e89f8,2026-02-01,faith_promise,2000.00,Other,,Migrated from old system,,2026-02-20 12:44:43.322201+00,2026-02-20 12:44:43.322201+00,,
784d76f0-644b-4402-a547-fb6b38d60aca,459cc6fb-5674-4061-867c-c60a96baceb6,2026-01-18,faith_promise,20.00,,,Migrated from old system,,2026-02-20 12:44:43.322201+00,2026-02-20 12:44:43.322201+00,,
79287819-53a0-415b-acc9-a3cc5f95857f,47a92b6c-ed98-4f0e-80ac-4db2c06f0a84,2026-01-04,tithe,5.00,,,Migrated from old system,,2026-02-20 12:44:43.322201+00,2026-02-20 12:44:43.322201+00,,
792895ef-3335-4466-8206-68acfd7e2e75,7ba89542-e3bd-4704-bdbe-699973e1390b,2026-01-11,pledge,500.00,Altar Flowers,,Migrated from old system,,2026-02-20 12:44:43.322201+00,2026-02-20 12:44:43.322201+00,,
792a3b80-40eb-4992-9982-26b716777192,fcc697de-67bd-41c7-b671-706e1d8a2dc9,2026-01-18,faith_promise,100.00,,,Migrated from old system,,2026-02-20 12:44:43.322201+00,2026-02-20 12:44:43.322201+00,,
798911ef-451c-4544-a55e-fafea68513da,79da7005-f6bc-4244-b9b6-f1b608de548e,2026-02-01,love_gift,2.73,,,Migrated from old system,,2026-02-20 12:44:43.322201+00,2026-02-20 12:44:43.322201+00,,
7a3263e5-b35c-40c0-82aa-5407ad7c4b55,b18ba356-3472-4903-ab17-4f430d35bd01,2026-01-18,tithe,512.00,,,Migrated from old system,,2026-02-20 12:44:43.322201+00,2026-02-20 12:44:43.322201+00,,
7a8891ac-62da-4eb6-8600-46387cbebdb6,446860cd-872b-4da8-a838-1e79a27303d2,2026-02-15,tithe,302.84,,,,,2026-02-24 10:43:14.6+00,2026-02-24 10:43:14.846017+00,,
7ab0b7a8-ddeb-4d09-af47-a90e921fd647,79da7005-f6bc-4244-b9b6-f1b608de548e,2026-02-01,tithe,1167.27,,,Migrated from old system,,2026-02-20 12:44:43.322201+00,2026-02-20 12:44:43.322201+00,,
7b457707-4820-49ba-82ce-c04b08a8dee1,c10fa4ef-da03-4be4-8370-ed5e02a7bfa6,2026-01-04,tithe,540.00,,,Migrated from old system,,2026-02-20 12:44:43.322201+00,2026-02-20 12:44:43.322201+00,,
7b9874b1-9bcc-47a3-af93-20d26657a743,bc7887ad-5318-4c5c-88a0-5607e25306a9,2026-01-18,tithe,169.58,,,Migrated from old system,,2026-02-20 12:44:43.322201+00,2026-02-20 12:44:43.322201+00,,
7bec6869-0413-45d7-bdff-32d70254656e,c10fa4ef-da03-4be4-8370-ed5e02a7bfa6,2026-02-15,faith_promise,400.00,,,,,2026-02-24 10:39:42.556+00,2026-02-24 10:39:42.868481+00,,
7c08eae5-4834-4674-a099-a06dcdd4dee4,47a92b6c-ed98-4f0e-80ac-4db2c06f0a84,2026-02-22,tithe,106.00,,,,,2026-02-24 10:50:37.752+00,2026-02-24 10:50:38.001248+00,,
7ced376e-71a3-4695-acac-672d0886a8eb,1b517c02-f84c-4f7a-9549-c05fd3a908f4,2026-01-04,tithe,100.00,,,Migrated from old system,,2026-02-20 12:44:43.322201+00,2026-02-20 12:44:43.322201+00,,
7d0b0b4d-3444-4ef7-a64d-22ff199d514c,cc991436-8dbb-4193-bb3a-122eb999b246,2026-01-25,tithe,50.00,,,Migrated from old system,,2026-02-20 12:44:43.322201+00,2026-02-20 12:44:43.322201+00,,
7d807adc-a997-4003-972d-ca892925dc53,7ba89542-e3bd-4704-bdbe-699973e1390b,2026-01-04,tithe,385.00,,,Migrated from old system,,2026-02-20 12:44:43.322201+00,2026-02-20 12:44:43.322201+00,,
7d904a63-6a6f-4cee-8b82-c21f588b8eb1,30f2c823-7345-4565-bfb6-ab6a2b17c0bc,2026-02-01,faith_promise,20.00,,,Migrated from old system,,2026-02-20 12:44:43.322201+00,2026-02-20 12:44:43.322201+00,,
7ea9ae44-ed7d-459c-a5f4-bf94bf2b8b78,43968fa2-dad7-40a0-b856-cfa812910912,2026-02-15,tithe,12.00,,,,,2026-02-24 10:42:49.88+00,2026-02-24 10:42:50.127099+00,,
7effbcba-296b-420f-8dc0-a5d0a4872f6f,49a2ba69-e826-4860-8553-692861826304,2026-02-08,faith_promise,2312.00,,,Migrated from old system,,2026-02-20 12:44:43.322201+00,2026-02-20 12:44:43.322201+00,,
7f449308-f2b3-496f-a2d8-83acfa0c7c9e,613772ff-031e-4a1e-b252-4b04b5286a55,2026-02-15,tithe,75.00,,,,,2026-02-24 10:45:56.204+00,2026-02-24 10:45:56.437118+00,,
803d92e6-317d-46fb-aff8-72a267936fed,7ba89542-e3bd-4704-bdbe-699973e1390b,2026-02-01,faith_promise,1400.00,,,Migrated from old system,,2026-02-20 12:44:43.322201+00,2026-02-20 12:44:43.322201+00,,
80ee5177-052c-49cf-9d22-34e96affe096,6125dfcf-c12f-4888-a095-2dbeda289736,2026-01-11,faith_promise,150.00,,,Migrated from old system,,2026-02-20 12:44:43.322201+00,2026-02-20 12:44:43.322201+00,,
820e54fa-28a4-48f0-ad2b-52955049bb68,613772ff-031e-4a1e-b252-4b04b5286a55,2026-02-01,faith_promise,25.00,,,Migrated from old system,,2026-02-20 12:44:43.322201+00,2026-02-20 12:44:43.322201+00,,
86a66632-b52d-4ac0-968c-5dc1e0f82faa,1444bd49-ecdd-4853-bfe9-0fccd515f512,2026-01-18,tithe,20.00,,,Migrated from old system,,2026-02-20 12:44:43.322201+00,2026-02-20 12:44:43.322201+00,,
87223f76-4c06-4dab-8cb0-9468b5f63613,abca775b-2863-4a70-bb68-e092de3b0459,2026-01-11,faith_promise,250.00,,,Migrated from old system,,2026-02-20 12:44:43.322201+00,2026-02-20 12:44:43.322201+00,,
877b7404-cc30-4820-ac2f-3ef276e800a5,c10fa4ef-da03-4be4-8370-ed5e02a7bfa6,2026-01-18,love_gift,40.00,,,Migrated from old system,,2026-02-20 12:44:43.322201+00,2026-02-20 12:44:43.322201+00,,
879d8d57-1005-499c-a983-55f7dbf58431,21efe003-bbef-4213-9fbc-82c87cad4438,2026-01-18,tithe,200.00,,,Migrated from old system,,2026-02-20 12:44:43.322201+00,2026-02-20 12:44:43.322201+00,,
8842f0f5-afb4-4c1a-8c67-40040011afc2,6125dfcf-c12f-4888-a095-2dbeda289736,2026-02-01,tithe,364.00,,,Migrated from old system,,2026-02-20 12:44:43.322201+00,2026-02-20 12:44:43.322201+00,,
8890f461-7744-48df-9d3d-175292a8d704,1444bd49-ecdd-4853-bfe9-0fccd515f512,2026-02-15,faith_promise,35.00,,,,,2026-02-24 10:40:06.734+00,2026-02-24 10:40:07.198577+00,,
8898736c-4c1f-4968-a36b-792296fc308f,cc991436-8dbb-4193-bb3a-122eb999b246,2026-02-22,tithe,55.00,,,,,2026-02-24 10:52:58.545+00,2026-02-24 10:52:58.777797+00,,
892cf807-47d5-40b3-ad44-059732615c19,446860cd-872b-4da8-a838-1e79a27303d2,2026-02-01,faith_promise,300.00,,,Migrated from old system,,2026-02-20 12:44:43.322201+00,2026-02-20 12:44:43.322201+00,,
896c7ded-3064-43e5-8cfe-00e14a6cfe8e,679f970e-f90e-401f-ab93-610a47edd05a,2026-02-01,faith_promise,15.00,,,Migrated from old system,,2026-02-20 12:44:43.322201+00,2026-02-20 12:44:43.322201+00,,
897c7a56-e9bc-4fa4-9a1f-b2df2a940351,679f970e-f90e-401f-ab93-610a47edd05a,2026-01-04,tithe,35.00,,,Migrated from old system,,2026-02-20 12:44:43.322201+00,2026-02-20 12:44:43.322201+00,,
8a379950-7b80-415b-a215-dd19847e28d9,cc991436-8dbb-4193-bb3a-122eb999b246,2026-01-25,faith_promise,15.00,,,Migrated from old system,,2026-02-20 12:44:43.322201+00,2026-02-20 12:44:43.322201+00,,
8ad916c7-818a-4b86-b533-1ec50cc08d85,47a92b6c-ed98-4f0e-80ac-4db2c06f0a84,2026-01-04,faith_promise,115.00,,,Migrated from old system,,2026-02-20 12:44:43.322201+00,2026-02-20 12:44:43.322201+00,,
8b340eae-11f2-4a3e-8d8c-e7f493e45f5c,613772ff-031e-4a1e-b252-4b04b5286a55,2026-02-08,faith_promise,25.00,,,Migrated from old system,,2026-02-20 12:44:43.322201+00,2026-02-20 12:44:43.322201+00,,
8bba5bf1-4607-4fe2-b373-8e0e4b9bef4b,79da7005-f6bc-4244-b9b6-f1b608de548e,2026-01-04,tithe,3.00,,,Migrated from old system,,2026-02-20 12:44:43.322201+00,2026-02-20 12:44:43.322201+00,,
8cb90646-0251-48e3-8783-ddda1f2aeadb,0425bc93-6147-4b4d-9be4-22308f08a0ab,2026-01-25,tithe,20.00,,,Migrated from old system,,2026-02-20 12:44:43.322201+00,2026-02-20 12:44:43.322201+00,,
8d36a36d-58d0-48eb-9826-ce91f39729b5,613772ff-031e-4a1e-b252-4b04b5286a55,2026-02-08,tithe,75.00,,,Migrated from old system,,2026-02-20 12:44:43.322201+00,2026-02-20 12:44:43.322201+00,,
8df46068-9ffb-4773-8384-a4756e10fb09,99123d5b-9d62-4729-b90a-0f918aa6002f,2026-02-15,tithe,117.00,,,,,2026-02-24 10:40:36.262+00,2026-02-24 10:40:36.499251+00,,
8ef725b4-5f21-4c8f-a1b8-368fdbea1033,da991148-4066-4fc0-88d3-7f9530b8acac,2026-01-25,faith_promise,9.50,,,Migrated from old system,,2026-02-20 12:44:43.322201+00,2026-02-20 12:44:43.322201+00,,
8fc97b29-0554-4d7d-8524-5c5010557625,6ed0a06d-d72a-4cc5-b6e1-d0d27d585b34,2026-02-22,tithe,800.00,,,,,2026-02-24 10:55:24.073+00,2026-02-24 10:55:24.36477+00,,
900c8ea6-66f7-44ef-9d17-1e5e68df74d4,b6caab6a-8e6b-4519-8493-445b0cd54ded,2026-02-01,faith_promise,100.00,,,Migrated from old system,,2026-02-20 12:44:43.322201+00,2026-02-20 12:44:43.322201+00,,
901bf7a8-9fde-4d77-bbaf-f63d769c2673,cc991436-8dbb-4193-bb3a-122eb999b246,2026-02-08,tithe,40.00,,,Migrated from old system,,2026-02-20 12:44:43.322201+00,2026-02-20 12:44:43.322201+00,,
906baff9-4ce8-44e7-975d-03706a63467d,43968fa2-dad7-40a0-b856-cfa812910912,2026-02-15,faith_promise,18.00,,,,,2026-02-24 10:42:49.88+00,2026-02-24 10:42:50.127099+00,,
90f12458-2ab2-4ea4-83b4-941dd54d73ec,a4a93bce-25ea-4540-a0d1-ad011f2ddb34,2026-01-04,faith_promise,5.00,,,Migrated from old system,,2026-02-20 12:44:43.322201+00,2026-02-20 12:44:43.322201+00,,
9230fb35-abd9-4704-b7d6-8f71e7dd2c56,975dc527-2731-4e33-8708-8f2bbd19e0fa,2026-01-18,love_gift,100.00,,,Migrated from old system,,2026-02-20 12:44:43.322201+00,2026-02-20 12:44:43.322201+00,,
92fa3f88-d2d5-4a5d-b19b-f4f3a9b1b846,b6caab6a-8e6b-4519-8493-445b0cd54ded,2026-01-25,faith_promise,100.00,,,Migrated from old system,,2026-02-20 12:44:43.322201+00,2026-02-20 12:44:43.322201+00,,
94533c1c-02e1-4268-9f02-f4497ba6f6c3,cc991436-8dbb-4193-bb3a-122eb999b246,2026-02-15,tithe,50.00,,,,,2026-02-24 10:43:30.83+00,2026-02-24 10:43:31.07866+00,,
95d54d55-11dd-4cbb-bce8-bb65303f649b,1444bd49-ecdd-4853-bfe9-0fccd515f512,2026-02-15,tithe,25.00,,,,,2026-02-24 10:40:06.734+00,2026-02-24 10:40:07.198577+00,,
96024774-7493-4903-ae52-2d787475c3bf,b18ba356-3472-4903-ab17-4f430d35bd01,2026-01-18,faith_promise,240.00,,,Migrated from old system,,2026-02-20 12:44:43.322201+00,2026-02-20 12:44:43.322201+00,,
9606907b-d936-4094-84ce-c72cf0871e58,7ba89542-e3bd-4704-bdbe-699973e1390b,2026-02-01,love_gift,82.39,,,Migrated from old system,,2026-02-20 12:44:43.322201+00,2026-02-20 12:44:43.322201+00,,
966c5d06-8add-441f-bb44-a2bb6b3bbca7,b6caab6a-8e6b-4519-8493-445b0cd54ded,2026-01-25,tithe,440.00,,,Migrated from old system,,2026-02-20 12:44:43.322201+00,2026-02-20 12:44:43.322201+00,,
97549277-1464-4931-b334-be3b4d2022f2,446860cd-872b-4da8-a838-1e79a27303d2,2026-01-04,faith_promise,270.00,,,Migrated from old system,,2026-02-20 12:44:43.322201+00,2026-02-20 12:44:43.322201+00,,
98f8a0cb-bcec-46e7-8597-dd480423301a,4ebba06b-eb4d-42f2-9c43-7c00e6c86f09,2026-01-25,faith_promise,25.00,,,Migrated from old system,,2026-02-20 12:44:43.322201+00,2026-02-20 12:44:43.322201+00,,
9a2919e9-639b-48fe-ac43-014828681fc7,7ba89542-e3bd-4704-bdbe-699973e1390b,2026-02-01,tithe,3017.61,,,Migrated from old system,,2026-02-20 12:44:43.322201+00,2026-02-20 12:44:43.322201+00,,
9d2c300c-4896-4611-9377-dd4a1598078c,43968fa2-dad7-40a0-b856-cfa812910912,2026-01-25,faith_promise,19.00,,,Migrated from old system,,2026-02-20 12:44:43.322201+00,2026-02-20 12:44:43.322201+00,,
9d832957-7f11-4036-b394-5d01a0bf4b2c,7ba89542-e3bd-4704-bdbe-699973e1390b,2026-02-22,love_gift,104.63,,,,,2026-02-24 10:56:38.376+00,2026-02-24 10:56:38.768915+00,,
9ddee3c0-59d9-4f1a-9561-f8ae62a638ff,abca775b-2863-4a70-bb68-e092de3b0459,2026-01-11,tithe,850.00,,,Migrated from old system,,2026-02-20 12:44:43.322201+00,2026-02-20 12:44:43.322201+00,,
9dedafbc-3566-440c-aa41-9fb7da8c9229,613772ff-031e-4a1e-b252-4b04b5286a55,2026-02-22,tithe,75.00,,,,,2026-02-24 10:55:36.736+00,2026-02-24 10:55:36.979775+00,,
9e7aee88-c236-49e2-9df9-82659ef23a24,975dc527-2731-4e33-8708-8f2bbd19e0fa,2026-02-22,tithe,556.00,,,,,2026-02-24 10:55:59.209+00,2026-02-24 10:55:59.496896+00,,
9eb833d6-09e4-41a7-bec3-d7803f36c4f1,c10fa4ef-da03-4be4-8370-ed5e02a7bfa6,2026-02-08,tithe,100.00,,,Migrated from old system,,2026-02-20 12:44:43.322201+00,2026-02-20 12:44:43.322201+00,,
9f2b5eb2-bbf9-4a3c-9711-6538957a2cc2,613772ff-031e-4a1e-b252-4b04b5286a55,2026-01-25,faith_promise,25.00,,,Migrated from old system,,2026-02-20 12:44:43.322201+00,2026-02-20 12:44:43.322201+00,,
9fa78d35-0e81-4a37-afe4-efb8c78b9a13,0425bc93-6147-4b4d-9be4-22308f08a0ab,2026-01-18,tithe,75.00,,,Migrated from old system,,2026-02-20 12:44:43.322201+00,2026-02-20 12:44:43.322201+00,,
a09cf955-d390-4d27-b16a-f2fb15a4e318,1444bd49-ecdd-4853-bfe9-0fccd515f512,2026-01-11,tithe,30.00,,,Migrated from old system,,2026-02-20 12:44:43.322201+00,2026-02-20 12:44:43.322201+00,,
a19a9981-c37c-4322-9283-c494fb2cabc4,b6caab6a-8e6b-4519-8493-445b0cd54ded,2026-01-04,tithe,225.00,,,Migrated from old system,,2026-02-20 12:44:43.322201+00,2026-02-20 12:44:43.322201+00,,
a34bae5f-c4e9-46e7-b900-3ea4ff17025c,679f970e-f90e-401f-ab93-610a47edd05a,2026-01-25,faith_promise,15.00,,,Migrated from old system,,2026-02-20 12:44:43.322201+00,2026-02-20 12:44:43.322201+00,,
a734ea93-843f-4222-a735-2ca6d0def45c,5de9b976-e6b8-4eef-ab61-b7d3174a1954,2026-01-25,tithe,438.00,,,Migrated from old system,,2026-02-20 12:44:43.322201+00,2026-02-20 12:44:43.322201+00,,
a759403f-f5c5-46a9-9d74-4d947189d9ed,5de9b976-e6b8-4eef-ab61-b7d3174a1954,2026-02-15,tithe,200.00,,,,,2026-02-24 10:46:24.359+00,2026-02-24 10:46:24.628058+00,,
ab871ebf-b9de-46ae-aad1-beb2b7f6c833,1444bd49-ecdd-4853-bfe9-0fccd515f512,2026-01-04,faith_promise,30.00,,,Migrated from old system,,2026-02-20 12:44:43.322201+00,2026-02-20 12:44:43.322201+00,,
ad4b05f9-e089-45e8-b31c-bc7958fe92b2,39fed438-3910-40f8-bae8-7d51d79becf6,2026-01-11,love_gift,100.00,,,Migrated from old system,,2026-02-20 12:44:43.322201+00,2026-02-20 12:44:43.322201+00,,
addc8a6e-b926-453e-b53e-1e4aa8d407ba,a4a93bce-25ea-4540-a0d1-ad011f2ddb34,2026-01-18,faith_promise,35.00,,,Migrated from old system,,2026-02-20 12:44:43.322201+00,2026-02-20 12:44:43.322201+00,,
af146b69-a1b8-4c9f-ba31-5f9426d3afa2,07ff5f58-e58c-473c-9b2e-a0443f616f4d,2026-01-25,faith_promise,180.00,,,Migrated from old system,,2026-02-20 12:44:43.322201+00,2026-02-20 12:44:43.322201+00,,
af4f21c4-3584-46de-a8d3-7de9b3dedcbc,0cfadef1-6bec-4ea0-b247-43b62f8fdf87,2026-01-18,tithe,25.00,,,Migrated from old system,,2026-02-20 12:44:43.322201+00,2026-02-20 12:44:43.322201+00,,
b010d47b-98be-49e6-ba7a-2301bd967259,446860cd-872b-4da8-a838-1e79a27303d2,2026-01-18,tithe,613.36,,,Migrated from old system,,2026-02-20 12:44:43.322201+00,2026-02-20 12:44:43.322201+00,,
b0a10ae9-4bc9-407a-8fd0-eb454aa20242,459cc6fb-5674-4061-867c-c60a96baceb6,2026-01-25,love_gift,60.00,,,Migrated from old system,,2026-02-20 12:44:43.322201+00,2026-02-20 12:44:43.322201+00,,
b0bc0770-82bc-44fe-808a-f53a878d0500,0cfadef1-6bec-4ea0-b247-43b62f8fdf87,2026-02-01,tithe,22.00,,,Migrated from old system,,2026-02-20 12:44:43.322201+00,2026-02-20 12:44:43.322201+00,,
b0efc338-1419-4d18-8dca-126fd95955db,5de9b976-e6b8-4eef-ab61-b7d3174a1954,2026-02-01,tithe,1020.00,,,Migrated from old system,,2026-02-20 12:44:43.322201+00,2026-02-20 12:44:43.322201+00,,
b403d624-31b9-4a5f-abfc-c17678397e7d,459cc6fb-5674-4061-867c-c60a96baceb6,2026-01-11,faith_promise,20.00,,,Migrated from old system,,2026-02-20 12:44:43.322201+00,2026-02-20 12:44:43.322201+00,,
b51d15f1-3612-4076-b063-45f1b8d0710d,c360fe8b-e4bf-40e0-ad9b-d5987c32d385,2026-01-04,tithe,150.00,,,Migrated from old system,,2026-02-20 12:44:43.322201+00,2026-02-20 12:44:43.322201+00,,
b6d6d5a6-f97c-4419-9034-dec056682058,30f2c823-7345-4565-bfb6-ab6a2b17c0bc,2026-02-08,tithe,43.00,,,Migrated from old system,,2026-02-20 12:44:43.322201+00,2026-02-20 12:44:43.322201+00,,
b6dffe28-6ba2-4025-b67d-543aaa225362,07ff5f58-e58c-473c-9b2e-a0443f616f4d,2026-02-22,tithe,310.00,,,,,2026-02-24 10:49:00.271+00,2026-02-24 10:49:00.505646+00,,
b84dcfc1-68b0-42ec-ba18-8a89ea1d42fd,975dc527-2731-4e33-8708-8f2bbd19e0fa,2026-02-01,faith_promise,280.00,,,Migrated from old system,,2026-02-20 12:44:43.322201+00,2026-02-20 12:44:43.322201+00,,
b8de6ed9-372d-4148-8ad1-7dcbb0378e00,0425bc93-6147-4b4d-9be4-22308f08a0ab,2026-01-18,faith_promise,28.00,,,Migrated from old system,,2026-02-20 12:44:43.322201+00,2026-02-20 12:44:43.322201+00,,
b94e235a-e731-45ce-abe7-531d74e3d5f9,5de9b976-e6b8-4eef-ab61-b7d3174a1954,2026-02-01,faith_promise,180.00,,,Migrated from old system,,2026-02-20 12:44:43.322201+00,2026-02-20 12:44:43.322201+00,,
b9fb355b-d573-4158-81d8-8965e283b433,49a2ba69-e826-4860-8553-692861826304,2026-02-08,tithe,3919.04,,,Migrated from old system,,2026-02-20 12:44:43.322201+00,2026-02-20 12:44:43.322201+00,,
bafda350-11b0-4627-ae70-4a6584c95cb2,446860cd-872b-4da8-a838-1e79a27303d2,2026-02-22,tithe,300.19,,,,,2026-02-24 10:51:07.277+00,2026-02-24 10:51:07.516949+00,,
bbd9bb7a-68e0-4af9-9b83-9001e8c90cb5,afd1316f-5bb4-4c98-b52e-6cff047e89f8,2026-01-04,tithe,7349.83,Good News Classes,,Migrated from old system,,2026-02-20 12:44:43.322201+00,2026-02-20 12:44:43.322201+00,,
bc276fc3-5a64-4219-a6e1-1db6595a128c,1444bd49-ecdd-4853-bfe9-0fccd515f512,2026-01-04,tithe,50.00,,,Migrated from old system,,2026-02-20 12:44:43.322201+00,2026-02-20 12:44:43.322201+00,,
bc5c9980-3b1f-443a-bb65-a833cefccd4b,1b517c02-f84c-4f7a-9549-c05fd3a908f4,2026-02-01,faith_promise,150.00,,,Migrated from old system,,2026-02-20 12:44:43.322201+00,2026-02-20 12:44:43.322201+00,,
bd6902f9-4f00-434b-99d7-b60d35c1c44a,975dc527-2731-4e33-8708-8f2bbd19e0fa,2026-01-18,faith_promise,280.00,,,Migrated from old system,,2026-02-20 12:44:43.322201+00,2026-02-20 12:44:43.322201+00,,
bd9437dc-7daf-4b40-9dc1-9c5f05c2d925,99123d5b-9d62-4729-b90a-0f918aa6002f,2026-02-01,tithe,206.00,,,Migrated from old system,,2026-02-20 12:44:43.322201+00,2026-02-20 12:44:43.322201+00,,
be555e58-4358-4070-9140-e63a6ccf383e,5de9b976-e6b8-4eef-ab61-b7d3174a1954,2026-02-08,tithe,500.00,,,Migrated from old system,,2026-02-20 12:44:43.322201+00,2026-02-20 12:44:43.322201+00,,
be6f8d72-09a4-4583-8a00-2c3e9fe193e1,e2f5122c-ba8e-48f1-9b4a-382e2cfb4ab3,2026-02-01,faith_promise,17.00,,,Migrated from old system,,2026-02-20 12:44:43.322201+00,2026-02-20 12:44:43.322201+00,,
c086cfad-a94c-441c-9a57-2744d014f4ee,613772ff-031e-4a1e-b252-4b04b5286a55,2026-02-22,faith_promise,25.00,,,,,2026-02-24 10:55:36.736+00,2026-02-24 10:55:36.979775+00,,
c0bef3c2-2413-4820-aad1-d87c925deb3c,b18ba356-3472-4903-ab17-4f430d35bd01,2026-02-15,faith_promise,240.00,,,,,2026-02-24 10:43:51.753+00,2026-02-24 10:43:51.994192+00,,
c0f2c4fa-95d8-4a9f-8443-94cad3ee8102,6ed0a06d-d72a-4cc5-b6e1-d0d27d585b34,2026-02-22,faith_promise,200.00,,,,,2026-02-24 10:55:24.073+00,2026-02-24 10:55:24.36477+00,,
c16fbfc2-2f25-4624-910b-65712c51816c,99123d5b-9d62-4729-b90a-0f918aa6002f,2026-02-08,tithe,43.00,,,Migrated from old system,,2026-02-20 12:44:43.322201+00,2026-02-20 12:44:43.322201+00,,
c1ab090e-1cc9-4002-8960-96f74aad1388,5de9b976-e6b8-4eef-ab61-b7d3174a1954,2026-01-25,faith_promise,180.00,,,Migrated from old system,,2026-02-20 12:44:43.322201+00,2026-02-20 12:44:43.322201+00,,
c28d4aa4-24ab-4ed3-b208-9265e43d9317,6125dfcf-c12f-4888-a095-2dbeda289736,2026-02-08,tithe,627.57,,,Migrated from old system,,2026-02-20 12:44:43.322201+00,2026-02-20 12:44:43.322201+00,,
c381d21e-8710-4fb4-9148-c8e672702443,abca775b-2863-4a70-bb68-e092de3b0459,2026-02-08,tithe,400.00,,,Migrated from old system,,2026-02-20 12:44:43.322201+00,2026-02-20 12:44:43.322201+00,,
c3a620f0-20dd-47c8-a7f7-99021d2567a8,47a92b6c-ed98-4f0e-80ac-4db2c06f0a84,2026-02-08,faith_promise,65.00,,,Migrated from old system,,2026-02-20 12:44:43.322201+00,2026-02-20 12:44:43.322201+00,,
c3ae4a01-4972-448a-a243-594ba17b3af1,fd5557c3-2b36-4979-a076-76eb8a9130e1,2026-02-01,tithe,33.00,,,Migrated from old system,,2026-02-20 12:44:43.322201+00,2026-02-20 12:44:43.322201+00,,
c3dd4b59-8335-4410-9cf5-1c50d0a56609,bc7887ad-5318-4c5c-88a0-5607e25306a9,2026-02-22,tithe,2500.00,,,,,2026-02-24 10:52:21.147+00,2026-02-24 10:52:21.407029+00,,
c3fa1612-0055-4d2a-8cdc-75ebd33c0f86,a4a93bce-25ea-4540-a0d1-ad011f2ddb34,2026-01-04,tithe,10.00,,,Migrated from old system,,2026-02-20 12:44:43.322201+00,2026-02-20 12:44:43.322201+00,,
c46b8828-0546-4aa9-a8d2-e8be2684f858,4ebba06b-eb4d-42f2-9c43-7c00e6c86f09,2026-02-08,tithe,25.00,,,Migrated from old system,,2026-02-20 12:44:43.322201+00,2026-02-20 12:44:43.322201+00,,
c4f7b41a-7473-4358-a3e8-72f93b02b192,7ba89542-e3bd-4704-bdbe-699973e1390b,2026-01-11,faith_promise,1400.00,Altar Flowers,,Migrated from old system,,2026-02-20 12:44:43.322201+00,2026-02-20 12:44:43.322201+00,,
c6a9e76c-f757-4048-bef1-9c26fc4a224e,cc991436-8dbb-4193-bb3a-122eb999b246,2026-01-04,faith_promise,8.00,,,Migrated from old system,,2026-02-20 12:44:43.322201+00,2026-02-20 12:44:43.322201+00,,
c745d58a-20b4-454b-a2a9-0afc0bf06800,679f970e-f90e-401f-ab93-610a47edd05a,2026-02-08,faith_promise,15.00,,,Migrated from old system,,2026-02-20 12:44:43.322201+00,2026-02-20 12:44:43.322201+00,,
c9bdab75-49fe-423a-8ea7-598cba335d88,613772ff-031e-4a1e-b252-4b04b5286a55,2026-01-04,tithe,80.00,,,Migrated from old system,,2026-02-20 12:44:43.322201+00,2026-02-20 12:44:43.322201+00,,
c9c63a68-5c7a-464e-a1cb-9c217677538b,49a2ba69-e826-4860-8553-692861826304,2026-01-25,faith_promise,2312.40,,,Migrated from old system,,2026-02-20 12:44:43.322201+00,2026-02-20 12:44:43.322201+00,,
c9cbd4a6-02d8-4889-9823-2bf9ed7a0f54,6125dfcf-c12f-4888-a095-2dbeda289736,2026-02-15,faith_promise,150.00,,,,,2026-02-24 10:42:09.334+00,2026-02-24 10:42:09.567308+00,,
ca4675cc-e6a4-41f7-84b3-25e4982c8d72,975dc527-2731-4e33-8708-8f2bbd19e0fa,2026-01-04,tithe,20.00,,,Migrated from old system,,2026-02-20 12:44:43.322201+00,2026-02-20 12:44:43.322201+00,,
cacfa93b-a69c-41b4-8738-9b18e1982df4,6125dfcf-c12f-4888-a095-2dbeda289736,2026-02-15,tithe,291.40,,,,,2026-02-24 10:41:36.727+00,2026-02-24 10:41:36.977831+00,,
cb0e014d-7e93-457e-8b06-e4e89737a8ae,afd1316f-5bb4-4c98-b52e-6cff047e89f8,2026-02-01,pledge,1700.00,Other,,Migrated from old system,,2026-02-20 12:44:43.322201+00,2026-02-20 12:44:43.322201+00,,
cbb8b8ce-7219-41cd-9243-74e28df28149,6125dfcf-c12f-4888-a095-2dbeda289736,2026-01-11,tithe,1105.15,,,Migrated from old system,,2026-02-20 12:44:43.322201+00,2026-02-20 12:44:43.322201+00,,
cdcaf309-89ee-43ba-918f-cc269813c8e3,49a2ba69-e826-4860-8553-692861826304,2026-01-11,faith_promise,2313.20,,,Migrated from old system,,2026-02-20 12:44:43.322201+00,2026-02-20 12:44:43.322201+00,,
cedc591d-3583-44f8-8e8e-2391ce294ae6,446860cd-872b-4da8-a838-1e79a27303d2,2026-01-25,faith_promise,300.00,,,Migrated from old system,,2026-02-20 12:44:43.322201+00,2026-02-20 12:44:43.322201+00,,
cfb385b5-6a3c-440a-975c-0b27bee4461f,b18ba356-3472-4903-ab17-4f430d35bd01,2026-02-01,tithe,575.20,,,Migrated from old system,,2026-02-20 12:44:43.322201+00,2026-02-20 12:44:43.322201+00,,
cff4c701-bd62-473f-b68c-a2790af33d42,6125dfcf-c12f-4888-a095-2dbeda289736,2026-01-04,faith_promise,150.00,,,Migrated from old system,,2026-02-20 12:44:43.322201+00,2026-02-20 12:44:43.322201+00,,
d13a4a3e-ec8e-473a-bb4c-aa78aaf17a2f,c360fe8b-e4bf-40e0-ad9b-d5987c32d385,2026-02-15,tithe,75.00,,,,,2026-02-24 10:47:26.29+00,2026-02-24 10:47:26.524932+00,,
d181fc58-1b39-45b0-b446-b947166522a3,30f2c823-7345-4565-bfb6-ab6a2b17c0bc,2026-01-18,faith_promise,30.00,,,Migrated from old system,,2026-02-20 12:44:43.322201+00,2026-02-20 12:44:43.322201+00,,
d219a383-d7cc-40e3-a830-5d20335c01d8,6125dfcf-c12f-4888-a095-2dbeda289736,2026-02-22,faith_promise,150.00,,,,,2026-02-24 10:51:59.72+00,2026-02-24 10:51:59.954654+00,,
d364f94f-3cfa-4f34-9d4b-6db78dba4628,459cc6fb-5674-4061-867c-c60a96baceb6,2026-02-01,faith_promise,20.00,,,Migrated from old system,,2026-02-20 12:44:43.322201+00,2026-02-20 12:44:43.322201+00,,
d405cdff-c702-4995-a7e4-506bfa5b09cf,0cfadef1-6bec-4ea0-b247-43b62f8fdf87,2026-02-01,faith_promise,15.00,,,Migrated from old system,,2026-02-20 12:44:43.322201+00,2026-02-20 12:44:43.322201+00,,
d4735615-9f86-4f59-a0ad-975138691dbb,a4a93bce-25ea-4540-a0d1-ad011f2ddb34,2026-01-18,tithe,65.00,,,Migrated from old system,,2026-02-20 12:44:43.322201+00,2026-02-20 12:44:43.322201+00,,
d6a6bf9a-3a81-4552-aa7c-72d9e26cc614,1444bd49-ecdd-4853-bfe9-0fccd515f512,2026-02-08,tithe,35.00,,,Migrated from old system,,2026-02-20 12:44:43.322201+00,2026-02-20 12:44:43.322201+00,,
d6d84a76-a0f8-4ffb-a820-9675cd3ea37a,0425bc93-6147-4b4d-9be4-22308f08a0ab,2026-02-01,tithe,25.00,,,Migrated from old system,,2026-02-20 12:44:43.322201+00,2026-02-20 12:44:43.322201+00,,
d710b205-756a-4b4d-bc17-bd3bb09aa3d4,5de9b976-e6b8-4eef-ab61-b7d3174a1954,2026-02-22,tithe,1618.00,,,,,2026-02-24 10:52:44.364+00,2026-02-24 10:52:44.599957+00,,
d868917d-aef9-45f2-9c23-1d229dbc7bf1,79da7005-f6bc-4244-b9b6-f1b608de548e,2026-02-15,tithe,4.00,,,,,2026-02-24 10:47:09.584+00,2026-02-24 10:47:09.824199+00,,
d8adf9cc-712b-4134-8ea7-1b7d2c12a89d,49a2ba69-e826-4860-8553-692861826304,2026-02-22,tithe,2575.42,,,,,2026-02-24 10:57:08.6+00,2026-02-24 10:57:08.852911+00,,
d920df14-ef87-46a6-93df-57ba9dd899ad,5de9b976-e6b8-4eef-ab61-b7d3174a1954,2026-01-18,tithe,1000.00,,,Migrated from old system,,2026-02-20 12:44:43.322201+00,2026-02-20 12:44:43.322201+00,,
d972676c-32b3-4d56-bf82-1c6f1d591732,b6caab6a-8e6b-4519-8493-445b0cd54ded,2026-01-18,faith_promise,100.00,,,Migrated from old system,,2026-02-20 12:44:43.322201+00,2026-02-20 12:44:43.322201+00,,
da3100ed-7ae0-4f40-98cb-c4cc730669e8,4ebba06b-eb4d-42f2-9c43-7c00e6c86f09,2026-01-11,tithe,30.00,,,Migrated from old system,,2026-02-20 12:44:43.322201+00,2026-02-20 12:44:43.322201+00,,
da82a4ba-ae6e-475d-8930-7735bdb099e6,c10fa4ef-da03-4be4-8370-ed5e02a7bfa6,2026-02-15,tithe,690.00,,,,,2026-02-24 10:39:42.556+00,2026-02-24 10:39:42.868481+00,,
dc57418a-ae05-4790-bf75-651c3a61afc8,c360fe8b-e4bf-40e0-ad9b-d5987c32d385,2026-02-15,faith_promise,52.00,,,,,2026-02-24 10:47:26.29+00,2026-02-24 10:47:26.524932+00,,
de0f32e5-91d3-4741-a5ca-64a859499242,79da7005-f6bc-4244-b9b6-f1b608de548e,2026-02-22,faith_promise,1700.00,,,,,2026-02-24 10:50:05.568+00,2026-02-24 10:50:05.823956+00,,
dedcf9f1-f036-4bbe-ac9b-09f6ec71a16a,afd1316f-5bb4-4c98-b52e-6cff047e89f8,2026-02-15,pledge,1500.00,Other,,,,2026-02-24 10:48:11.565+00,2026-02-24 10:48:12.385407+00,,
df41d793-a722-4e8d-990b-e5caaaa2f92a,6125dfcf-c12f-4888-a095-2dbeda289736,2026-01-04,tithe,267.89,,,Migrated from old system,,2026-02-20 12:44:43.322201+00,2026-02-20 12:44:43.322201+00,,
e0425842-e15b-4581-9c5a-5cfb17d36296,39fed438-3910-40f8-bae8-7d51d79becf6,2026-02-01,tithe,100.00,,,Migrated from old system,,2026-02-20 12:44:43.322201+00,2026-02-20 12:44:43.322201+00,,
e103385c-7e5b-417f-a280-8320f638ad46,da991148-4066-4fc0-88d3-7f9530b8acac,2026-01-25,tithe,60.50,,,Migrated from old system,,2026-02-20 12:44:43.322201+00,2026-02-20 12:44:43.322201+00,,
e11158ff-3464-454f-94fe-ba8046c31f4e,21efe003-bbef-4213-9fbc-82c87cad4438,2026-01-25,tithe,100.00,,,Migrated from old system,,2026-02-20 12:44:43.322201+00,2026-02-20 12:44:43.322201+00,,
e1601b12-a7f4-4a79-82cf-edbf71ed14b1,5de9b976-e6b8-4eef-ab61-b7d3174a1954,2026-02-15,faith_promise,180.00,,,,,2026-02-24 10:46:24.359+00,2026-02-24 10:46:24.628058+00,,
e2429c6b-696e-4ee3-ba61-24b135fad03e,c360fe8b-e4bf-40e0-ad9b-d5987c32d385,2026-01-18,tithe,70.00,,,Migrated from old system,,2026-02-20 12:44:43.322201+00,2026-02-20 12:44:43.322201+00,,
e3359e1b-0afa-482f-b7d2-279680a2635c,6125dfcf-c12f-4888-a095-2dbeda289736,2026-01-25,tithe,278.10,,,Migrated from old system,,2026-02-20 12:44:43.322201+00,2026-02-20 12:44:43.322201+00,,
e5288885-ab6e-4809-b345-2f09eef5b87c,99123d5b-9d62-4729-b90a-0f918aa6002f,2026-02-08,faith_promise,700.00,,,Migrated from old system,,2026-02-20 12:44:43.322201+00,2026-02-20 12:44:43.322201+00,,
e62f2d5f-0568-4c55-9542-bcb4c38af033,30f2c823-7345-4565-bfb6-ab6a2b17c0bc,2026-01-04,tithe,15.00,,,Migrated from old system,,2026-02-20 12:44:43.322201+00,2026-02-20 12:44:43.322201+00,,
e646a0a8-58ae-4432-b0a9-8753ab62765b,07ff5f58-e58c-473c-9b2e-a0443f616f4d,2026-01-18,faith_promise,180.00,,,Migrated from old system,,2026-02-20 12:44:43.322201+00,2026-02-20 12:44:43.322201+00,,
e778dd46-0302-4d9c-9d0e-89a19a82eccd,99123d5b-9d62-4729-b90a-0f918aa6002f,2026-02-22,tithe,165.00,,,,,2026-02-24 10:49:18.523+00,2026-02-24 10:49:18.760206+00,,
e808a5cf-f586-40a3-bb8b-96c00442528b,a4a93bce-25ea-4540-a0d1-ad011f2ddb34,2026-02-08,faith_promise,5.00,,,Migrated from old system,,2026-02-20 12:44:43.322201+00,2026-02-20 12:44:43.322201+00,,
e85cae1a-798c-4275-85da-ba9be43d1d34,a4a93bce-25ea-4540-a0d1-ad011f2ddb34,2026-02-08,tithe,5.00,,,Migrated from old system,,2026-02-20 12:44:43.322201+00,2026-02-20 12:44:43.322201+00,,
e9c5d1aa-ac7e-43f7-8ea4-1d10df1604ae,5de9b976-e6b8-4eef-ab61-b7d3174a1954,2026-02-08,faith_promise,180.00,,,Migrated from old system,,2026-02-20 12:44:43.322201+00,2026-02-20 12:44:43.322201+00,,
e9c7b0d1-78db-48bd-a527-6bbba1ffdfb2,fcc697de-67bd-41c7-b671-706e1d8a2dc9,2026-02-15,faith_promise,50.00,,,,,2026-02-24 10:44:48.588+00,2026-02-24 10:44:48.833012+00,,
ead3f585-959e-4189-a91e-db51b226ede4,975dc527-2731-4e33-8708-8f2bbd19e0fa,2026-02-22,love_gift,30.00,,,,,2026-02-24 10:55:59.209+00,2026-02-24 10:55:59.496896+00,,
ec585539-bb3c-414f-aac6-625b9de43d2f,6125dfcf-c12f-4888-a095-2dbeda289736,2026-01-25,faith_promise,150.00,,,Migrated from old system,,2026-02-20 12:44:43.322201+00,2026-02-20 12:44:43.322201+00,,
ec656f9a-5111-49da-b66a-00c04b0a9a99,e2f5122c-ba8e-48f1-9b4a-382e2cfb4ab3,2026-02-01,tithe,18.00,,,Migrated from old system,,2026-02-20 12:44:43.322201+00,2026-02-20 12:44:43.322201+00,,
ed02fc15-1046-4231-b2d1-4ff6e8691b63,646fff42-60c5-4609-b5d6-9d01e1062c4a,2026-02-08,tithe,700.00,,,Migrated from old system,,2026-02-20 12:44:43.322201+00,2026-02-20 12:44:43.322201+00,,
eda2177e-19f9-4522-8610-a9cef505b25b,30f2c823-7345-4565-bfb6-ab6a2b17c0bc,2026-02-08,faith_promise,27.00,,,Migrated from old system,,2026-02-20 12:44:43.322201+00,2026-02-20 12:44:43.322201+00,,
ee1bb672-ee68-4fe6-b8cc-3cc0f0f9b903,47a92b6c-ed98-4f0e-80ac-4db2c06f0a84,2026-02-22,faith_promise,65.00,,,,,2026-02-24 10:50:37.752+00,2026-02-24 10:50:38.001248+00,,
ee7a7798-b1bb-45c9-a1ea-a6956f6da696,459cc6fb-5674-4061-867c-c60a96baceb6,2026-01-11,tithe,20.00,,,Migrated from old system,,2026-02-20 12:44:43.322201+00,2026-02-20 12:44:43.322201+00,,
eed0f6f7-ee0a-4c68-a216-e04fbd33314f,47a92b6c-ed98-4f0e-80ac-4db2c06f0a84,2026-02-08,tithe,38.00,,,Migrated from old system,,2026-02-20 12:44:43.322201+00,2026-02-20 12:44:43.322201+00,,
eef45155-518a-4d15-8de1-fb8063eafa14,47a92b6c-ed98-4f0e-80ac-4db2c06f0a84,2026-01-11,faith_promise,65.00,,,Migrated from old system,,2026-02-20 12:44:43.322201+00,2026-02-20 12:44:43.322201+00,,
f1b41fe9-dd88-4e31-a878-7e7ee126134e,5de9b976-e6b8-4eef-ab61-b7d3174a1954,2026-01-11,faith_promise,525.00,,,Migrated from old system,,2026-02-20 12:44:43.322201+00,2026-02-20 12:44:43.322201+00,,
f2b77847-223f-4e46-b505-d7f620f4e602,1b517c02-f84c-4f7a-9549-c05fd3a908f4,2026-02-22,faith_promise,150.00,,,,,2026-02-24 10:53:14.296+00,2026-02-24 10:53:14.528513+00,,
f45f990f-7231-40a2-838c-6909390a46e3,fd5557c3-2b36-4979-a076-76eb8a9130e1,2026-02-08,tithe,345.00,,,Migrated from old system,,2026-02-20 12:44:43.322201+00,2026-02-20 12:44:43.322201+00,,
f4601a74-b314-4706-a8cd-dfa7b5c68315,679f970e-f90e-401f-ab93-610a47edd05a,2026-02-22,faith_promise,30.00,,,,,2026-02-24 10:51:33.717+00,2026-02-24 10:51:34.033256+00,,
f4c70720-c812-42ee-ac6d-7d1e5c82d49e,79da7005-f6bc-4244-b9b6-f1b608de548e,2026-01-18,tithe,1311.65,,,Migrated from old system,,2026-02-20 12:44:43.322201+00,2026-02-20 12:44:43.322201+00,,
f791c123-b75b-43b3-bdd4-cb8da0f59c28,446860cd-872b-4da8-a838-1e79a27303d2,2026-02-08,tithe,713.90,,,Migrated from old system,,2026-02-20 12:44:43.322201+00,2026-02-20 12:44:43.322201+00,,
f83aa02e-67a8-49b1-ad2d-824757b55fbb,1444bd49-ecdd-4853-bfe9-0fccd515f512,2026-01-18,faith_promise,35.00,,,Migrated from old system,,2026-02-20 12:44:43.322201+00,2026-02-20 12:44:43.322201+00,,
f85c0e82-d6de-4c10-8abe-3618e22c2ced,0cfadef1-6bec-4ea0-b247-43b62f8fdf87,2026-01-18,faith_promise,15.00,,,Migrated from old system,,2026-02-20 12:44:43.322201+00,2026-02-20 12:44:43.322201+00,,
f876d934-0bb5-4ec4-b3a2-6282cbc2b2f7,cc991436-8dbb-4193-bb3a-122eb999b246,2026-01-18,tithe,40.00,,,Migrated from old system,,2026-02-20 12:44:43.322201+00,2026-02-20 12:44:43.322201+00,,
f8d44ea6-e650-4770-9f26-dc311937eab1,6125dfcf-c12f-4888-a095-2dbeda289736,2026-02-22,tithe,165.00,,,,,2026-02-24 10:51:59.72+00,2026-02-24 10:51:59.954654+00,,
f9f8be9f-404f-429e-9678-9ced457d2968,30f2c823-7345-4565-bfb6-ab6a2b17c0bc,2026-01-18,tithe,30.00,,,Migrated from old system,,2026-02-20 12:44:43.322201+00,2026-02-20 12:44:43.322201+00,,
fa6ca695-91a4-40c6-88dd-a6ac101faa2b,cc991436-8dbb-4193-bb3a-122eb999b246,2026-02-08,faith_promise,15.00,,,Migrated from old system,,2026-02-20 12:44:43.322201+00,2026-02-20 12:44:43.322201+00,,
fab1b71e-ee2f-4151-9a1c-23df9e5f24f1,47a92b6c-ed98-4f0e-80ac-4db2c06f0a84,2026-02-01,tithe,58.00,,,Migrated from old system,,2026-02-20 12:44:43.322201+00,2026-02-20 12:44:43.322201+00,,
fd927a2a-0278-434b-ada6-c6dc47a3aff0,afd1316f-5bb4-4c98-b52e-6cff047e89f8,2026-02-01,love_gift,123.52,Other,,Migrated from old system,,2026-02-20 12:44:43.322201+00,2026-02-20 12:44:43.322201+00,,
fe10889f-192c-493a-aa41-a17475fb5da0,1b517c02-f84c-4f7a-9549-c05fd3a908f4,2026-01-18,tithe,100.00,,,Migrated from old system,,2026-02-20 12:44:43.322201+00,2026-02-20 12:44:43.322201+00,,
fe4ad632-29f7-4db2-8410-c92aff76b309,07ff5f58-e58c-473c-9b2e-a0443f616f4d,2026-02-22,faith_promise,180.00,,,,,2026-02-24 10:49:00.271+00,2026-02-24 10:49:00.505646+00,,
fea82199-f5c5-4a24-a5af-2f89b2914cd7,5de9b976-e6b8-4eef-ab61-b7d3174a1954,2026-01-11,tithe,1950.00,,,Migrated from old system,,2026-02-20 12:44:43.322201+00,2026-02-20 12:44:43.322201+00,,
fef6ea96-9436-43f8-9ac8-9620090f5f83,975dc527-2731-4e33-8708-8f2bbd19e0fa,2026-02-01,tithe,583.00,,,Migrated from old system,,2026-02-20 12:44:43.322201+00,2026-02-20 12:44:43.322201+00,,
ff16159d-29f6-4358-a6d2-0c76078509b4,446860cd-872b-4da8-a838-1e79a27303d2,2026-01-11,faith_promise,300.00,,,Migrated from old system,,2026-02-20 12:44:43.322201+00,2026-02-20 12:44:43.322201+00,,
ff9dcaac-a611-4913-8b46-28fbcaee179b,47a92b6c-ed98-4f0e-80ac-4db2c06f0a84,2026-02-01,faith_promise,65.00,,,Migrated from old system,,2026-02-20 12:44:43.322201+00,2026-02-20 12:44:43.322201+00,,
ffa6c821-2b06-49c9-a87f-8dd29b3c87a1,abca775b-2863-4a70-bb68-e092de3b0459,2026-02-08,faith_promise,150.00,,,Migrated from old system,,2026-02-20 12:44:43.322201+00,2026-02-20 12:44:43.322201+00,,